"","2010-02-01","2010-03-01","2010-04-01","2010-05-01","2010-06-01","2010-07-01","2010-08-01","2010-09-01","2010-10-01","2010-11-01","2010-12-01","2011-01-01","2011-02-01","2011-03-01","2011-04-01","2011-05-01","2011-06-01","2011-07-01","2011-08-01","2011-09-01","2011-10-01","2011-11-01","2011-12-01","2012-01-01","2012-02-01","2012-03-01","2012-04-01","2012-05-01","2012-06-01","2012-07-01","2012-08-01","2012-09-01","2012-10-01","2012-11-01","2012-12-01","2013-01-01","2013-02-01","2013-03-01","2013-04-01","2013-05-01","2013-06-01","2013-07-01","2013-08-01","2013-09-01","2013-10-01","2013-11-01","2013-12-01","2014-01-01","2014-02-01","2014-03-01","2014-04-01","2014-05-01","2014-06-01","2014-07-01","2014-08-01","2014-09-01","2014-10-01","2014-11-01","2014-12-01","2015-01-01","2015-02-01","2015-03-01","2015-04-01"
"Mission",NA,NA,NA,NA,NA,NA,NA,NA,NA,NA,NA,2.66666666666667,2.46153846153846,2.43243243243243,2.41666666666667,2.7,2.82608695652174,3.4875,2.6056338028169,1.98347107438016,2.89855072463768,2.82857142857143,2.82857142857143,3.20247933884297,2.80448717948718,2.38549618320611,3.24675324675325,3.11111111111111,3.10679611650485,3.26666666666667,3,2.49519230769231,3,3,3.1063321385902,3.38983050847458,3.5,3.2991202346041,3.15315315315315,3.4965034965035,3.25417766051011,4.28571428571428,3.84516680923866,4,4.29704016913319,4.0125,4.25126903553299,4.21124828532236,4.21124828532236,4.14417887432537,4.54921422663358,4.31063122923588,3.99666666666667,4.13333333333333,4.54863540937719,4.71956224350205,4.0273556231003,4.5,4.7593984962406,4.75,4.70230040595399,4.89719626168224,4.90174672489083
"Bernal Heights",NA,NA,NA,NA,NA,NA,NA,NA,NA,NA,NA,2.48011928429423,2.9595015576324,NA,NA,NA,NA,2.30369515011547,NA,NA,NA,NA,NA,NA,NA,2.52902155887231,2.52902155887231,NA,3.18091451292246,2.59699769053118,2.23665223665224,1.86706497386109,1.9975,1.97095435684647,2.3114956736712,2.47881355932203,2.22857142857143,2.32558139534884,1.88518378173551,1.70454545454545,1.54264972776769,1.2093023255814,2.08333333333333,2.67175572519084,2.69080234833659,1.89853658536585,2.53333333333333,2.32484076433121,2.54726368159204,2.47619047619048,2.70212765957447,3.21083172147002,2.82142857142857,2.74976213130352,2.85714285714286,3.41176470588235,4.06666666666667,3.5,3.40909090909091,3.28467153284672,3.25116279069767,3.375,4.295
"Excelsior",NA,NA,NA,NA,NA,NA,NA,NA,NA,NA,NA,NA,NA,NA,NA,NA,2,NA,NA,NA,NA,NA,NA,NA,NA,NA,NA,NA,NA,NA,NA,NA,NA,NA,NA,NA,NA,NA,NA,NA,NA,NA,NA,NA,NA,NA,NA,NA,NA,NA,NA,NA,NA,NA,NA,NA,NA,2.83333333333333,NA,NA,NA,3.2,NA
"Central Richmond",NA,NA,NA,NA,NA,NA,NA,NA,NA,NA,NA,NA,NA,1.875,1.99444444444444,2,NA,NA,NA,NA,2.22727272727273,2.11180124223602,2.11180124223602,NA,1,NA,NA,NA,1.95,0.959615384615384,NA,0.914634146341463,1.20833333333333,NA,NA,NA,NA,NA,NA,2,NA,NA,2.13377416073245,2.10973084886128,NA,NA,1.1,1.50130548302872,1.225,2.45092024539877,NA,2.61538461538461,2.41187384044527,2.24,3,1.36475409836065,2.08333333333333,2.08333333333333,2.72222222222222,NA,NA,NA,3.06186152099886
"Bayview",NA,NA,NA,NA,NA,NA,NA,NA,NA,NA,NA,NA,NA,NA,NA,NA,NA,NA,NA,NA,NA,2.11156685808039,2.30593881223755,2.30593881223755,2.25776105362183,2.25776105362183,2.0801317233809,2.12962962962963,2.24146147736299,1.84873949579832,2.06100577081616,2.14761306532663,2.3802729528536,2.34181141439206,2.31502423263328,2.25848142164782,2.26755852842809,2,2.29607250755287,1.9271948608137,2.16368767638758,1.50501672240803,NA,NA,NA,2.03083333333333,1.51724137931034,1.89473684210526,2.15252152521525,1.47642679900744,2.25225225225225,NA,2.31023102310231,NA,NA,2.60036496350365,NA,2.74542429284526,NA,NA,NA,2.460024600246,2.09121621621622
"Downtown",NA,NA,NA,NA,NA,NA,NA,NA,NA,NA,NA,NA,3.17007534983854,3.44067796610169,NA,NA,NA,NA,NA,NA,2.97297297297297,3.04679552390641,3.25,2.95,3.04679552390641,3.04679552390641,3.04679552390641,3.16129032258065,3.6281179138322,4.14424111948331,3.97155361050328,3.47222222222222,3.74058127018299,3.78234398782344,3.7248322147651,4.06779661016949,4.5,4.27682737169518,3.89408099688473,4.69565217391304,4.84411085450346,5.02886836027714,5.25925925925926,5.5,5.07692307692308,4.61538461538461,4.59259259259259,5.27272727272727,4.94987468671679,4.82456140350877,4.90282685512367,4.70684039087948,5.22482014388489,4.8635477582846,4.88372093023256,5.5,4.98863636363636,5.21590909090909,4.78666666666667,5.32563025210084,4.73211567732116,4.98863636363636,5.16129032258065
"South of Market",NA,NA,2.54291163382072,2.58620689655172,2.22335025380711,2.14285714285714,2.76932084309133,2.82954545454545,2.82954545454545,2.93577981651376,3.4375,3.29604772557793,3.19783197831978,3.26086956521739,3.18115942028985,3.16666666666667,2.94511378848728,2.99600532623169,3.14741035856574,3.19444444444444,3.47551342812006,3.61081081081081,3.61926605504587,3.7013698630137,3.87733333333333,3.46153846153846,3.29411764705882,3.64838709677419,3.6915504511895,3.7369420702754,3.64655172413793,3.74181478016838,3.8527027027027,3.76164383561644,3.76164383561644,3.76238532110092,3.8861985472155,3.9572192513369,4.03825717321998,4.16666666666667,4.16666666666667,4.25,3.98245614035088,4.00473372781065,4.0037037037037,4,4.05821917808219,4.07297096053611,4.16480446927374,4.18789407313997,4.24137931034483,4.15859564164649,4.22297297297297,4.30451127819549,4.32555780933063,4.37275985663082,4.58379888268156,4.6831797235023,4.76190476190476,4.8728813559322,4.74261201143947,4.76890756302521,4.91586206896552
"Central Sunset",NA,NA,NA,NA,NA,NA,NA,NA,NA,NA,NA,1.75280898876404,1.75280898876404,1.75280898876404,NA,1.65,NA,NA,NA,NA,NA,NA,NA,NA,NA,1.84615384615385,1.85909090909091,NA,NA,NA,1.81818181818182,NA,1.67731629392971,NA,NA,NA,NA,NA,NA,NA,NA,NA,NA,NA,1.90217391304348,NA,NA,NA,2.45833333333333,1.68596237337192,NA,NA,0.983333333333333,1.28068303094984,NA,NA,2.59815242494226,2.58461538461538,2.496875,2.43055555555555,2.97101449275362,NA,NA
"Tenderloin",NA,NA,NA,NA,NA,NA,NA,NA,NA,NA,3.32539682539683,3.32539682539683,3.32539682539683,3.32539682539683,NA,NA,NA,NA,NA,NA,NA,NA,3.46046511627907,2.77272727272727,2.85,4.12650602409639,4.17400881057269,3.83534136546185,3.83534136546185,4.33734939759036,4.4578313253012,4.58333333333333,4.2375,3.84246575342466,4.29,4.35593220338983,4.1566265060241,4.03,3.98888888888889,3.83846153846154,3.17460317460317,3.83653846153846,3.88888888888889,NA,NA,3.83333333333333,3.88888888888889,3.88888888888889,3.992,4.28571428571428,4.87,4.04560810810811,4.32191780821918,4.66666666666667,4.37062937062937,4.54246575342466,4.61111111111111,NA,3.92876712328767,3.865,4.22,4.52465753424658,4.52465753424658
"Visitacion Valley",NA,NA,NA,NA,NA,NA,NA,NA,NA,NA,NA,NA,NA,NA,NA,NA,NA,NA,NA,NA,NA,NA,NA,NA,NA,NA,1.85185185185185,NA,NA,NA,NA,NA,NA,NA,NA,NA,NA,NA,NA,2.28846153846154,NA,NA,NA,NA,NA,NA,NA,NA,NA,NA,NA,NA,NA,NA,NA,NA,NA,NA,NA,NA,NA,NA,NA
"Parkside",NA,NA,NA,NA,NA,NA,NA,NA,NA,NA,NA,NA,NA,NA,NA,NA,NA,NA,NA,NA,NA,NA,NA,NA,NA,NA,NA,NA,1.99545454545454,NA,NA,NA,NA,NA,NA,1.78929765886288,NA,NA,NA,NA,0.923076923076923,NA,NA,2.24673202614379,2.21428571428571,1.916,NA,NA,NA,NA,0.735294117647058,NA,2.24324324324324,NA,NA,NA,NA,NA,NA,NA,NA,NA,NA
"Pacific Heights",NA,NA,NA,NA,NA,NA,NA,NA,NA,NA,3.1,3.1,2.875,2.78571428571429,2.77272727272727,2.93931731984829,2.9,2.93931731984829,2.79050279329609,2.79050279329609,3.03347280334728,2.93931731984829,3.03347280334728,3.24375,3.21428571428571,2.79189944134078,3.25,3.55182926829268,3.43347639484979,3.6875,3.47517730496454,3.41379310344827,3.43347639484979,3.08953341740227,3.55,3.94632206759443,2.90909090909091,3.16666666666667,3.13888888888889,3.26666666666667,3.36247478143914,3.24786324786325,3.77155172413793,3.67241379310345,3.59333333333333,3.63157894736842,3.67713004484305,3.62976406533575,3.62976406533575,4.02298850574713,4,3.9,3.89531345100426,3.87864077669903,4.41037735849057,4.35987903225806,4.06338694418165,4.36,4.40573770491803,4.44803881924788,5,5,5
"Nob Hill",NA,NA,NA,NA,NA,NA,NA,NA,NA,NA,NA,NA,NA,NA,NA,NA,NA,NA,NA,NA,2.68965517241379,3.66812227074236,3.66812227074236,3.18,3.49344978165939,3.81818181818182,3.54,3.57491062723432,3.42298288508557,3.42857142857143,3.27272727272727,3.80824372759857,3.80824372759857,4.00909090909091,3.83333333333333,3.83333333333333,3.84,3.8659793814433,3.75,3.89845874886673,4.14814814814815,4.20072661217075,4.44444444444444,3.95833333333333,4,3.54223433242507,3.97614314115308,3.36351875808538,3.57142857142857,2.58891213389121,3.48977135980746,3.89908256880734,3.49397590361446,3.49397590361446,3.046875,3.77450980392157,3.95833333333333,4.54545454545454,4.82954545454545,4.96664195700519,4.91256830601093,4.8,4.86284289276808
"Inner Richmond",NA,NA,NA,NA,NA,NA,NA,NA,NA,NA,NA,NA,NA,NA,NA,NA,NA,NA,NA,NA,NA,NA,NA,NA,2.35454545454545,NA,2.5,NA,NA,NA,NA,0.714285714285714,0.833333333333333,1.07903965470731,1,1,1.19642857142857,NA,1.00574712643678,2.44444444444444,NA,1.50066401062417,0.850591715976331,1.06844919786096,1.12676056338028,2.74862568715642,0.977653631284916,1.68868921775898,2.6,NA,1.05927152317881,2.97435897435897,2.72727272727273,2.95,NA,NA,NA,NA,NA,NA,NA,NA,3.26666666666667
"Noe Valley",NA,NA,NA,NA,NA,NA,NA,NA,NA,NA,NA,NA,NA,NA,NA,2.85829145728643,NA,2.25903614457831,NA,NA,NA,NA,3.57368421052632,NA,2.99,2.91959798994975,2.6865671641791,2.80952380952381,3.11462450592885,2.94974874371859,2.88888888888889,3.125,2.96273671350031,2.82352941176471,3.01507537688442,3.32666666666667,3.33165829145729,2.27156712608474,2.45454545454545,3.89447236180904,3.96666666666667,3.67839195979899,3.4,2.665,2.44444444444444,2,2.82608695652174,3.45779220779221,3.26666666666667,3.29166666666667,4.5,4,3.30756013745704,3.92857142857143,4,3.94444444444444,4.06740267286461,3.91959798994975,4.08040201005025,4.11111111111111,4.37910541132312,4.37910541132312,4.3
"Outer Sunset",NA,NA,NA,NA,NA,NA,NA,NA,NA,NA,NA,NA,NA,NA,NA,NA,NA,NA,NA,NA,NA,NA,NA,NA,NA,NA,NA,NA,NA,NA,NA,NA,NA,NA,NA,NA,NA,2.26817878585724,NA,NA,2.34948604992658,NA,NA,NA,NA,NA,NA,2.03720106288751,NA,NA,NA,NA,NA,NA,NA,NA,NA,NA,NA,NA,NA,NA,NA
"Portola",NA,NA,NA,NA,NA,NA,NA,NA,NA,NA,NA,NA,NA,NA,NA,NA,NA,NA,NA,NA,NA,NA,NA,NA,NA,NA,NA,NA,NA,NA,NA,NA,NA,NA,NA,NA,NA,NA,NA,NA,NA,NA,NA,NA,NA,NA,NA,NA,2.5,2.33747260774288,2.91059280855199,NA,NA,NA,NA,NA,NA,NA,NA,NA,NA,NA,NA
"Outer Richmond",NA,NA,NA,NA,NA,NA,NA,NA,NA,NA,NA,NA,NA,NA,NA,NA,NA,NA,NA,NA,NA,NA,NA,NA,NA,NA,NA,NA,NA,NA,NA,NA,NA,NA,NA,NA,2.1875,NA,NA,NA,2.41013071895425,1.52905198776758,NA,NA,NA,NA,NA,1.25,2.19888268156424,1.64,1.91176470588235,2.81818181818182,2.625,2.3574144486692,NA,2.81196581196581,2.70714285714286,NA,NA,NA,3.18181818181818,NA,3.11875
"Inner Sunset",NA,NA,NA,NA,NA,NA,NA,NA,NA,NA,NA,NA,NA,NA,NA,NA,NA,NA,NA,NA,NA,NA,NA,NA,NA,NA,NA,NA,NA,NA,NA,1.07095046854083,0.95307917888563,0.666666666666666,1.98,2.52666666666667,1.25763358778626,2.10989010989011,2.25786163522013,2.24137931034483,2.73607748184019,2.26818181818182,2.26818181818182,NA,1.90238095238095,2.6875,NA,NA,NA,3.46320346320346,2.97786292039166,3.02222222222222,3.16666666666667,3.28125,2.9757343550447,NA,3.23404255319149,2.48888888888889,NA,4.15392156862745,3.89729299363057,3.36990595611285,3.33333333333333
"Russian Hill",NA,NA,NA,NA,NA,NA,NA,NA,NA,NA,NA,NA,NA,3,3,NA,NA,NA,NA,NA,3.41176470588235,2.18181818181818,2.4,2.4375,3.4452296819788,3.33333333333333,3.05309734513274,3.6231884057971,3.6231884057971,3.08181818181818,3.28162291169451,4,3.58208955223881,3.50789935634874,3.5,3.96036585365854,3.90702274975272,3.90702274975272,4.85212569316081,4.15754923413567,3.6875,4.40573770491803,3.75,4.25974025974026,4.14930555555556,4.14930555555556,3.77586206896552,3.90702274975272,3.9,3.77586206896552,3.77586206896552,4.14285714285714,3.75,4.13669064748201,4.21428571428571,3.9198606271777,3.77586206896552,4.16666666666667,4.1773231031543,4.44444444444444,4.44444444444444,4.54545454545454,4.90909090909091
"Hayes Valley",NA,NA,NA,NA,NA,NA,NA,NA,NA,NA,NA,NA,NA,NA,NA,NA,NA,NA,NA,NA,NA,NA,NA,NA,NA,NA,NA,3.15262912982783,2.28544600938967,NA,2.77777777777778,3.15262912982783,3.11111111111111,1.55555555555555,NA,2.62894736842105,2.62894736842105,3.33333333333333,3.31666666666667,2.03125,2.63374485596708,3.39130434782609,3.39130434782609,NA,NA,NA,2.2459078797107,4.1131498470948,3.94990366088632,4.16666666666667,4.63636363636364,4.375,4.40498442367601,4.21860019175455,4.14285714285714,4.78571428571428,4.375,4.16666666666667,5.80495356037152,5.80745341614907,5.72635135135135,5.44545454545455,5.32666666666667
"Marina",NA,NA,NA,NA,NA,NA,NA,NA,NA,NA,NA,NA,NA,2.77936962750716,NA,2.8125,NA,3.19333333333333,NA,NA,3.4965034965035,2.90076335877863,NA,3.31666666666667,1.88187608569774,2.9,2.96875,3.28571428571429,3.2258064516129,NA,3.33125,3.33125,2.10526315789474,2.22884615384615,3.26363636363636,3.05555555555555,3.70762711864407,3.48404255319149,2.98850574712644,3.57368421052632,3.66333333333333,3.8,3.88,3.54166666666667,3.85087719298246,3.75,3.94736842105263,4.02631578947368,3.86666666666667,3.87365911799762,4.28571428571428,3.92857142857143,3.375,3.375,4,4.20526315789474,4.7280701754386,4.70909090909091,4.69565217391304,4.53636363636364,4,4.3890243902439,4.59
"Van Ness - Civic Center",NA,NA,NA,NA,NA,NA,NA,NA,NA,NA,2.89878048780488,2.82608695652174,2.55474452554745,2.64817150063052,3.12145289443814,2.88888888888889,2.74602026049204,NA,NA,3.23834196891192,3.27272727272727,3.03030303030303,2.51141552511415,2.71055179090029,3.33333333333333,3.02863436123348,3.46113445378151,3.625,3.76569037656904,4.05777166437414,3.93120393120393,3.93120393120393,3.97877984084881,4.004914004914,4.02684563758389,3.9367396593674,3.9367396593674,4.00126742712294,3.9367396593674,4.19747899159664,4.19747899159664,4.19982316534041,4.77239353891336,4.33333333333333,4.33948863636364,4.40577716643741,4.38216560509554,4.36363636363636,4.36151079136691,4.44444444444444,4.47727272727273,4.55172413793103,4.65616045845272,4.55172413793103,4.58762886597938,4.6448087431694,4.26666666666667,4.35064935064935,4.72727272727273,4.71036585365854,4.7568710359408,4.66111111111111,4.7538048343778
"South Beach",NA,3.18057455540356,3.18057455540356,3.00945829750645,3.00945829750645,3.04347826086956,2.96610169491525,2.85198555956679,2.96610169491525,3.04347826086956,3.17330210772834,3.13519813519813,3.46666666666667,3.50740452065472,3.50740452065472,3.43773873185638,3.50740452065472,3.38235294117647,3.53333333333333,3.9039039039039,3.91666666666667,3.52337110481586,3.41038812785388,3.43682906688687,3.9983844911147,3.18084227910817,3.248670998228,3.63869463869464,3.64519906323185,3.62529274004684,3.40609555189456,3.47579425113464,3.56521739130435,3.73212121212121,3.75523012552301,3.86601307189542,3.90666666666667,4.15456674473068,4.15456674473068,4.30445544554455,4.26136363636364,4.72121212121212,4.41084558823529,4.12719891745602,4.40783190066858,4.30555555555556,4.08852213053263,4.30769230769231,4.20168067226891,4.22138836772983,4.41428571428571,4.32187201528176,4.19580419580419,4.35294117647059,4.50416351249054,5.14089870525514,4.86014851485148,4.6875,4.92957746478873,4.97159090909091,4.84962406015037,4.66666666666667,4.81311881188119
"Lower Pacific Heights",NA,NA,NA,NA,NA,NA,NA,NA,NA,NA,NA,NA,NA,NA,NA,2.53275109170306,2.49166666666667,NA,NA,NA,NA,3.89444444444444,4.03555555555555,4.24867724867725,3.7328,3.856,3.8784,3.95351351351351,4.2544,4.2208,3.97837837837838,4.195,4.4496,4.29157894736842,4.216,4.0384,3.84108108108108,3.48976982097187,4.2144,4.30851063829787,4.37062937062937,3.99285714285714,4.06338694418165,3.57010213556174,3.77604166666667,3.14705882352941,3.3,3.375,3.495,3.61904761904762,3.97297297297297,4.45384615384615,3.495,4.49025487256372,4.59666666666667,4.57142857142857,4.6,4.55555555555556,4.375,4.28954423592493,4.27891891891892,4.67687074829932,4.57916666666667
"Eureka Valley - Dolores Heights - Castro",NA,NA,NA,NA,NA,NA,NA,NA,NA,NA,NA,NA,NA,NA,NA,NA,NA,NA,NA,NA,2.26785714285714,NA,NA,NA,NA,NA,3.12753858651503,2.71281571562208,2.67857142857143,3.1968031968032,1.06761565836299,3.38418079096045,NA,NA,3.33333333333333,3.66551724137931,3.42592592592593,3.36125429553265,3.75553097345133,3.2860824742268,2.73658192090395,2.73658192090395,3.71875,3.75,2.40625,1.67924528301887,2.72331154684096,3.75170532060027,3.57142857142857,3.50130890052356,3.87658227848101,3.995,3.34033613445378,3.98009950248756,3.75,3.64826941066417,4.275,3.04630381803412,4.04669260700389,4.275,4.275,4.32851985559567,4.5
"Western Addition",NA,NA,NA,NA,NA,NA,NA,NA,NA,NA,2.9221435793731,2.9221435793731,2.9221435793731,2.93617021276596,2.77777777777778,3.29545454545454,2.97537619699042,NA,NA,NA,3.24742268041237,3.26481257557437,3.39130434782609,3.54519774011299,3.5,3.41738197424893,3.17021276595745,2.74193548387097,2.5,NA,3.02127659574468,3.12359550561798,NA,NA,3.28614762386249,3.8921568627451,3.77654196157735,NA,NA,4.00512820512821,4.13725490196078,4.13333333333333,3.72395833333333,NA,NA,NA,NA,NA,NA,NA,NA,4.30735930735931,NA,NA,NA,NA,NA,NA,NA,NA,NA,NA,NA
"Stonestown",NA,NA,NA,NA,NA,NA,NA,NA,NA,NA,NA,2.08333333333333,2.08333333333333,2.08333333333333,NA,NA,NA,NA,NA,NA,NA,NA,NA,NA,NA,NA,NA,NA,NA,2.88272727272727,2.90053050397878,3.02122015915119,NA,NA,3.19712230215827,2.68489208633093,2.54936708860759,NA,2.70291777188329,2.756,2.70291777188329,2.702,2.702,2.87063492063492,2.8395225464191,3.03109452736318,3.03109452736318,3.15673575129534,2.95054945054945,2.95054945054945,3.00854700854701,3.03183791606368,NA,3.1517094017094,3.10751295336788,3.31668009669621,2.87065217391304,NA,3.25978260869565,3.25978260869565,3.20384615384615,3.27564102564103,3.36787564766839
"Potrero Hill",NA,NA,NA,NA,NA,NA,NA,NA,NA,NA,NA,NA,NA,NA,NA,NA,2.5283347863993,NA,NA,NA,NA,NA,NA,NA,NA,3.55,NA,3.17241379310345,NA,2.47422680412371,3.46341463414634,3.46341463414634,2.5386012715713,NA,3.09734513274336,3.69850187265918,3.995,3.79746835443038,3.24395770392749,3.34905660377358,3.67335562987737,4.22885572139303,3.39130434782609,3.8147792706334,3.63051470588235,3.07112068965517,2.96336206896552,2.99273387829246,3.2,3.36538461538461,3.65311308767471,4.11861614497529,3.30996884735202,3.61111111111111,3.84230769230769,3.84230769230769,4.04545454545454,4.09270216962525,4.00350525788683,4.16,3.98100803506209,4.44444444444444,4.58333333333333
"North Panhandle",NA,NA,NA,NA,NA,NA,NA,NA,NA,NA,NA,2.53846153846154,NA,NA,NA,NA,NA,NA,NA,NA,2.70588235294118,NA,NA,NA,NA,NA,2.70588235294118,NA,NA,NA,2.78571428571429,2.48138957816377,NA,NA,2.58333333333333,3,NA,NA,2.63157894736842,2.63157894736842,1.24203821656051,3.33333333333333,2.51851851851852,NA,NA,3.1,3.29411764705882,3.34919472913616,NA,3.69127516778523,NA,NA,2.82352941176471,2.86666666666667,NA,3.16261879619852,3.82916666666667,NA,3.4375,NA,NA,4.49712643678161,4.5
"Haight-Ashbury",NA,NA,NA,NA,NA,NA,NA,NA,NA,NA,NA,NA,NA,NA,NA,NA,NA,NA,NA,NA,NA,NA,NA,NA,NA,3.16863587540279,NA,NA,2.60281103591879,2.60281103591879,3.21428571428571,2.81818181818182,2.27272727272727,1,1.06060606060606,NA,NA,NA,NA,NA,3.53333333333333,3.53333333333333,3.33166666666667,2.62631578947368,NA,3.06923076923077,NA,3.5414480587618,3.57142857142857,NA,3.82498624105669,4.1,3.52549889135255,3.99,3.99,4.31818181818182,4.33333333333333,4.36363636363636,4.12666666666667,4.12666666666667,4.46153846153846,4.36363636363636,3.88059701492537
"Mission Terrace",NA,NA,NA,NA,NA,NA,NA,NA,NA,NA,NA,NA,NA,NA,NA,NA,NA,NA,NA,NA,NA,NA,NA,NA,NA,NA,NA,NA,NA,NA,NA,NA,NA,NA,NA,NA,NA,NA,NA,NA,NA,NA,NA,NA,NA,NA,NA,NA,2.15384615384615,NA,NA,NA,NA,NA,NA,NA,NA,NA,NA,NA,NA,NA,NA
"Cow Hollow",NA,NA,NA,NA,NA,NA,NA,NA,NA,NA,NA,NA,NA,NA,NA,NA,NA,NA,NA,NA,NA,NA,NA,NA,NA,NA,NA,NA,NA,NA,NA,2.36220472440945,NA,NA,3.4965034965035,3.86451612903226,3.24675324675325,3.68157894736842,3.92592592592593,4.33333333333333,4.39759036144578,4.38988095238095,4.28571428571428,4.09090909090909,3.125,3.92592592592593,3.80388841927303,3.47343841214244,3.3085501858736,4.14285714285714,4.6875,4.16666666666667,2.8,2.8,3.42857142857143,3.26984126984127,NA,3.9375,3.55405910961466,5.71687840290381,NA,3.91304347826087,5
"Glen Park",NA,NA,NA,NA,NA,NA,NA,NA,NA,NA,NA,NA,NA,NA,NA,NA,NA,NA,NA,NA,NA,NA,NA,NA,NA,NA,NA,NA,NA,NA,NA,NA,NA,NA,NA,NA,NA,2.14814814814815,1.75284837861525,NA,NA,0.810372771474878,NA,NA,NA,NA,NA,NA,NA,NA,3.24137931034483,3.19506726457399,NA,NA,NA,NA,NA,3.50526315789474,3.42857142857143,2.69230769230769,3.27272727272727,NA,3.66666666666667
"Telegraph Hill",NA,NA,NA,NA,NA,NA,NA,NA,NA,NA,NA,NA,NA,NA,NA,NA,NA,NA,NA,NA,NA,NA,NA,NA,NA,NA,3.57142857142857,4.17130919220056,4.17130919220056,4.07216494845361,4.07216494845361,4.07216494845361,4.54545454545454,3.74875,4.16666666666667,4.16666666666667,3.71428571428571,3.71428571428571,4.21592279855247,4.21592279855247,4.38888888888889,4.44444444444444,4.60475825019186,4.06441717791411,4.05555555555556,3.63169479090242,4,3.61363636363636,4,3.78571428571429,3.81818181818182,3.78571428571429,4.40289505428227,NA,NA,3.86652542372881,4.66666666666667,NA,5.17253278122843,4.2174320524836,4.48585231193927,5.22727272727273,4.6
"Lake",NA,NA,NA,NA,NA,NA,NA,NA,NA,NA,NA,NA,NA,NA,NA,NA,NA,NA,NA,NA,NA,NA,NA,NA,3.60727272727273,4.37727272727273,4.17142857142857,4.02727272727273,4.08461538461538,NA,NA,NA,NA,NA,NA,NA,NA,NA,NA,NA,NA,NA,1.16129032258065,NA,NA,NA,NA,NA,NA,NA,NA,NA,NA,NA,3.77777777777778,NA,NA,NA,NA,NA,NA,NA,3.69565217391304
"North Beach",NA,NA,NA,NA,NA,NA,NA,NA,NA,NA,NA,NA,NA,NA,NA,NA,NA,NA,NA,NA,NA,NA,2.44360902255639,NA,2.90909090909091,2.44360902255639,NA,NA,NA,NA,NA,NA,NA,NA,NA,NA,3.5379746835443,3.50877192982456,NA,4,3.89426957223567,3.83959044368601,3.95584176632935,3.96323529411765,NA,3.17727272727273,3.02197802197802,3.31460674157303,NA,NA,4.72727272727273,3.6563071297989,NA,4.38095238095238,4.83870967741935,4.72727272727273,NA,NA,NA,NA,NA,4.52173913043478,4.2894280762565
"Ingleside Heights",NA,NA,NA,NA,NA,NA,NA,NA,NA,NA,NA,NA,NA,NA,NA,NA,NA,NA,NA,NA,NA,NA,NA,NA,NA,NA,NA,NA,NA,NA,NA,NA,NA,NA,NA,NA,NA,NA,NA,NA,NA,NA,2.69387755102041,NA,2.4703557312253,2.74240940254652,NA,NA,NA,NA,NA,NA,NA,NA,NA,NA,NA,NA,NA,NA,NA,NA,NA
"Chinatown",NA,NA,NA,NA,NA,NA,NA,NA,NA,NA,NA,NA,NA,NA,NA,NA,NA,NA,NA,NA,NA,NA,NA,NA,NA,NA,NA,NA,NA,NA,NA,NA,NA,NA,NA,NA,NA,NA,NA,NA,NA,NA,NA,NA,NA,NA,NA,NA,3.83615084525358,NA,NA,NA,NA,NA,NA,NA,NA,NA,NA,NA,NA,NA,NA
"Alamo Square",NA,NA,NA,NA,NA,NA,NA,NA,NA,NA,NA,NA,NA,NA,NA,NA,NA,NA,NA,NA,NA,NA,NA,NA,NA,NA,NA,NA,NA,NA,NA,NA,NA,NA,NA,NA,NA,NA,NA,NA,NA,NA,NA,NA,NA,NA,NA,NA,NA,NA,4.24778761061947,NA,NA,NA,NA,NA,NA,NA,NA,NA,NA,NA,NA
"Lakeshore",NA,NA,NA,NA,NA,NA,NA,NA,NA,NA,NA,2.0967365967366,2.0967365967366,2.21328671328671,NA,NA,NA,NA,NA,NA,NA,NA,NA,NA,NA,NA,NA,NA,NA,NA,NA,NA,NA,NA,NA,NA,NA,NA,NA,NA,NA,NA,NA,NA,NA,NA,NA,NA,NA,NA,NA,NA,NA,NA,NA,NA,NA,NA,NA,NA,NA,NA,NA
"Parnassus - Ashbury",NA,NA,NA,NA,NA,NA,NA,NA,NA,NA,NA,NA,NA,NA,NA,NA,NA,NA,NA,NA,NA,NA,NA,NA,NA,NA,NA,NA,NA,NA,NA,NA,NA,NA,NA,NA,NA,NA,NA,NA,NA,NA,3.46795434591747,NA,NA,NA,NA,NA,NA,NA,NA,NA,NA,3.42105263157895,3.64705882352941,NA,NA,NA,NA,NA,NA,NA,NA
"Yerba Buena",NA,NA,NA,NA,NA,NA,3.57931034482759,3.57931034482759,3.57931034482759,3.57931034482759,3.57931034482759,3.38697318007663,3.73488372093023,3.57931034482759,4.08029197080292,4.29230769230769,3.56347438752784,NA,4.42546583850932,4.38047559449312,4.38047559449312,4.28527131782946,4.2566709021601,4.05727923627685,4.05727923627685,3.64336283185841,4.1838134430727,4.17661097852029,3.81238615664845,4.31519699812383,4.29378531073446,4.08719346049046,4.18509895227008,3.69595536959554,3.58424725822532,3.62758620689655,3.73103448275862,4.35862068965517,4.06698564593301,4.06698564593301,4.20438683948155,4.20438683948155,4.3134872417983,4.23620025673941,4.18410041841004,4.19770773638968,4.00668576886342,3.9344262295082,4.0316742081448,4.45379310344827,4.30459770114942,4.62068965517241,4.52490421455939,4.44827586206897,4.48754789272031,4.82758620689655,4.7438330170778,4.76957831325301,4.77931034482759,4.77490421455939,4.7438330170778,4.84961240310077,4.995
"Mission Bay",NA,NA,NA,NA,NA,NA,NA,NA,NA,NA,NA,NA,NA,NA,NA,NA,NA,NA,NA,NA,NA,NA,NA,NA,3.57523302263648,3.44204851752021,NA,NA,3.24779541446208,2.46305418719212,2.69966254218223,3.57434640522876,2.69966254218223,3.65335598980459,3.58870967741935,3.58490566037736,3.49593495934959,NA,NA,NA,NA,3.88888888888889,NA,4.59392945036915,4.2725509214355,4.18781725888325,4.23913043478261,4.19289340101523,4.16751269035533,4.11392405063291,4.24093264248705,4.39766839378238,4.22142286171063,4.11051212938005,4.24528301886792,4.11764705882353,4.25217391304348,4.17982989064399,4.26963103122043,4.37142857142857,4.42605915267786,4.32490013315579,4.49210206561361
"Miraloma Park",NA,NA,NA,NA,NA,NA,NA,NA,NA,NA,NA,NA,NA,NA,NA,NA,NA,NA,NA,NA,NA,NA,NA,NA,NA,NA,NA,NA,NA,NA,NA,NA,NA,NA,NA,NA,NA,NA,NA,NA,2.12121212121212,2.70177838577291,NA,NA,NA,NA,NA,NA,NA,NA,NA,NA,NA,NA,NA,NA,NA,NA,NA,NA,NA,NA,NA
"Presidio Heights",NA,NA,NA,NA,NA,NA,NA,NA,NA,NA,NA,NA,NA,NA,NA,NA,NA,NA,NA,NA,NA,NA,NA,NA,NA,NA,NA,NA,NA,NA,NA,NA,NA,NA,3.04166666666667,NA,NA,NA,NA,NA,NA,NA,NA,NA,NA,NA,NA,NA,NA,NA,NA,NA,NA,NA,NA,NA,NA,NA,NA,NA,NA,NA,NA
"Financial District",NA,NA,NA,NA,NA,NA,NA,NA,NA,NA,3.16738816738817,3.221875,3.16738816738817,3.16738816738817,NA,NA,NA,NA,NA,NA,NA,NA,4.61538461538461,4.35280641466208,4.45205479452055,4.08898305084746,4.63917525773196,4.64574898785425,4.45205479452055,4.5,4.45205479452055,4.18098510882016,3.98391812865497,1.98675496688742,2.96504369538077,2.8125,2.78086763070078,2.66666666666667,NA,NA,2.27963525835866,NA,3.75,4.66114457831325,3.75,3.90647482014388,4.29896907216495,3.26741186586414,3.88888888888889,2.06912442396313,4.40729483282675,4.14285714285714,3.66004962779156,3.97350993377483,4.1044776119403,4.1044776119403,4.71464019851117,4.84848484848485,NA,NA,NA,NA,4.57831325301205
"Presidio",NA,NA,NA,NA,NA,NA,NA,NA,NA,NA,NA,2.91176470588235,2.91176470588235,2.91176470588235,NA,NA,NA,NA,NA,NA,3.64485981308411,3.41379310344827,2.944,2.944,3.10636363636364,3.14666666666667,3.8551724137931,4.34909090909091,4.34363636363636,4.34363636363636,4.09076923076923,3.942,3.92,4.03225806451613,4.19272727272727,4.28181818181818,NA,NA,NA,NA,3.34031413612565,3.17073170731707,3.46491228070175,3.76833333333333,3.651,3.61090909090909,3.803,3.987,4.01428571428571,4.07818181818182,4.324,4.52727272727273,4.24916666666667,4.48866666666667,4.85,3.85897435897436,4.076,3.98809523809524,3.85897435897436,4.45454545454545,4.02833333333333,4.27133333333333,NA
"Forest Knolls",NA,NA,NA,NA,NA,NA,NA,NA,NA,NA,NA,NA,NA,NA,NA,NA,NA,NA,NA,NA,NA,2.55645161290323,NA,NA,3.07692307692308,3.07692307692308,3.05555555555555,3.05555555555555,3.6734693877551,3.72399445214979,3.53846153846154,3.67669172932331,3.07692307692308,3.76140808344198,3.53846153846154,3.61867704280156,3.99700598802395,NA,3.33333333333333,3.88166666666667,3.99659863945578,3.99659863945578,3.65650969529086,3.62116991643454,NA,3.52262234533703,3.81414701803051,4.13416536661466,4.03759398496241,4.10526315789474,4.10526315789474,4.22307692307692,4.4244105409154,4.90977443609022,4.72,4.57894736842105,4.72932330827068,4.71428571428571,4.6390977443609,4.91766467065868,4.91766467065868,NA,4.8502994011976
"Twin Peaks",NA,NA,NA,NA,NA,NA,NA,NA,NA,NA,NA,NA,NA,NA,NA,NA,NA,NA,NA,NA,NA,NA,NA,NA,NA,NA,NA,NA,NA,NA,NA,NA,NA,NA,NA,NA,NA,NA,NA,NA,NA,2.81363636363636,2.81363636363636,NA,NA,3,2.58192651439921,NA,1.46153846153846,NA,2.56,2.90394638868205,NA,NA,NA,NA,NA,NA,NA,NA,NA,NA,NA
"North Waterfront",NA,NA,NA,NA,NA,NA,NA,NA,NA,NA,NA,NA,NA,NA,NA,NA,NA,NA,NA,NA,NA,NA,NA,NA,NA,3.37030716723549,NA,NA,NA,NA,NA,NA,NA,NA,4.49915110356536,4.49915110356536,NA,5.78673602080624,5.30179445350734,5.42857142857143,5.20416666666667,4.11806543385491,4.24319727891156,NA,4.65444287729196,4.08898305084746,4.17495029821074,4.65444287729196,4.57142857142857,4.81896551724138,5.43478260869565,5.43478260869565,5.45221843003413,NA,4.99152542372881,4.96894409937888,4.91183879093199,4.9151103565365,4.9151103565365,5.15297906602254,5.3484602917342,4.9,4.91183879093199
"Diamond Heights",NA,NA,NA,NA,NA,NA,NA,NA,NA,NA,NA,NA,NA,NA,NA,NA,NA,NA,NA,NA,NA,NA,NA,NA,NA,NA,NA,NA,NA,NA,NA,NA,NA,NA,NA,NA,NA,NA,NA,3.0791788856305,3.00751879699248,NA,NA,NA,NA,3.36148648648649,NA,NA,NA,NA,NA,NA,NA,NA,NA,NA,NA,NA,NA,NA,NA,NA,NA
"Westwood Park",NA,NA,NA,NA,NA,NA,NA,NA,NA,NA,NA,NA,NA,NA,NA,NA,NA,NA,NA,NA,NA,NA,NA,NA,NA,NA,NA,NA,3.05846422338569,2.98287345385347,2.81196581196581,2.68700787401575,2.96943231441048,3.05519053876478,3.32575068243858,3.23979591836735,3.1369982547993,NA,3.09055118110236,NA,NA,NA,NA,NA,NA,NA,NA,NA,NA,NA,3.07891332470893,3.24844720496894,NA,NA,NA,3.52540834845735,3.53958143767061,3.52593266606005,3.23109243697479,3.47133757961783,NA,NA,4.06455862977602
"Central Waterfront - Dogpatch",NA,NA,NA,NA,NA,NA,NA,NA,NA,NA,NA,NA,NA,2.49326145552561,NA,NA,NA,NA,NA,NA,NA,NA,NA,NA,2.85826155050901,2.85826155050901,NA,NA,NA,NA,NA,NA,NA,NA,NA,NA,NA,NA,NA,NA,3.25768667642753,3.2,3.42857142857143,3.42857142857143,NA,3.42857142857143,3.20794590025359,NA,NA,2.6431718061674,2.66666666666667,3.49928366762178,3.42857142857143,3.71155885471898,3.84615384615385,3.83333333333333,NA,3.4,3.4,3.46907993966817,NA,3.20794590025359,3.66111111111111
